{
  "version": "7",
  "dialect": "mysql",
  "entries": [
    {
      "idx": 0,
      "version": "5",
      "when": 1770768622564,
      "tag": "0000_gifted_senator_kelly",
      "breakpoints": true
    },
    {
      "idx": 1,
      "version": "5",
      "when": 1770768699469,
      "tag": "0001_fluffy_blackheart",
      "breakpoints": true
    },
    {
      "idx": 2,
      "version": "5",
      "when": 1771271394006,
      "tag": "0002_yellow_exodus",
      "breakpoints": true
    },
    {
      "idx": 3,
      "version": "5",
      "when": 1771285765529,
      "tag": "0003_famous_wendell_vaughn",
      "breakpoints": true
    }
  ]
}